id,pain_id,proposed_solution,solution_type,revenue_model,target_customer,estimated_complexity,competition_notes,priority_score,date_graduated,notes
1,1,"Step 1: Pick a niche vertical (real estate, dental, e-commerce). Step 2: Learn Zapier/Make basics (free tiers, 1-2 days). Step 3: Build 2-3 demo automations for your niche (connect CRM to email to spreadsheet). Step 4: Create Upwork profile as 'AI Automation Specialist for [Niche]'. Step 5: Offer free audit of first client's workflow to land first gig. Step 6: Deliver automation, upsell monthly retainer ($500-2K/mo). Step 7: Document templates, reuse across clients for scalability. Timeline: first client in 1-2 weeks.",Service,"$75-200/hr project work + $500-2K/mo retainers per client. Target 3-5 retainer clients = $5K-10K/mo within 3 months.",Small businesses in specific verticals (real estate agencies dental offices e-commerce brands),Medium,"Growing but not saturated -- most freelancers are generalists. Niche specialization is the moat. Upwork AI automation category grew 60% YoY. Key edge: pick an underserved vertical and become the go-to expert.",8.3,2026-03-22,"Highest ROI opportunity found. The retainer model creates recurring revenue. Specialize in ONE vertical for best results. Zero startup cost beyond Zapier/Make free tiers. Grey Journal data shows AI freelancers earn 44% above platform average."
2,2,"Step 1: Build a portfolio of 5-10 custom GPTs solving specific business problems (e.g. customer email responder, content calendar generator, sales script writer). Step 2: Create a one-page website or Notion page showcasing results. Step 3: List on Upwork as 'AI/Prompt Engineering Consultant'. Step 4: Offer a free 30-min 'AI Readiness Assessment' to attract leads. Step 5: Sell $2K-5K half-day workshops to SMBs. Step 6: Create prompt library templates you can license/sell repeatedly. Timeline: first paid workshop within 2-3 weeks.",Service,"$200-500/hr consulting + $2K-5K per workshop. Also sell prompt library subscriptions at $50-200/mo. Target 4-6 workshops/mo = $8K-30K/mo at scale.",Companies and teams adopting AI tools,Low,"Market is growing fast as AI adoption increases. Competition exists but most 'prompt engineers' lack business consulting skills. Edge: frame it as business consulting not tech -- focus on ROI and workflow outcomes.",7.5,2026-03-22,"Zero startup cost. Highest $/hr rate of any opportunity found. Scalable via group workshops and recorded training. Risk: market may commoditize as AI tools get easier to use. Mitigation: focus on custom GPT building and integration, not just prompting."
3,4,"Step 1: Choose a vertical you have expertise in (healthcare, fintech, legal, SaaS, etc). Step 2: Set up AI writing workflow: ChatGPT/Claude for research and drafts, SurferSEO for optimization, Grammarly for polish. Step 3: Create 3-5 sample articles in your niche as portfolio pieces. Step 4: Create profiles on Upwork and cold-pitch 10 agencies/companies per week. Step 5: Price at $0.15-0.30/word (3-10x above commodity AI content). Step 6: Use AI to produce 3x more articles than a traditional writer. Step 7: Build retainer relationships for ongoing content. Timeline: first paid article within 1-2 weeks.",Service,"$0.15-0.50/word. A 2000-word article = $300-1000. Write 3-5 articles/week with AI assistance = $3K-15K/mo.",Agencies startups and businesses needing expert content in specific verticals,Low,"Generalist AI content is commoditized and cheap. The edge is domain expertise -- clients pay premium for writers who actually understand their industry. Competition among niche expert writers is low because most experts don't freelance.",7.0,2026-03-22,"Key insight: the content writing market split in 2025. Generic AI content collapsed to $0.03-0.05/word. But expert-level AI-assisted content commands 5-10x premium. Must have genuine domain knowledge in chosen vertical. Daily recurring work makes this very stable income."
4,10,"Step 1: Pick 2-3 template niches (social media packs, resume templates, Instagram story templates, business card designs). Step 2: Use Canva Pro ($13/mo) + AI design tools to create 10-20 template packs. Step 3: Open Etsy shop ($0.20/listing fee). Step 4: Create compelling mockup images and descriptions with SEO keywords. Step 5: Price at $5-15 per pack. Step 6: Use Etsy SEO (research keywords with eRank or Marmalead). Step 7: Scale to 50-100 listings within first month. Step 8: Add Gumroad as second channel. Timeline: first sale within 1-2 weeks.",Digital Product,"$5-15 per template pack. At 5-10 sales/day across 50+ listings = $750-4500/mo. 90%+ profit margins after Etsy fees.",Small business owners and content creators and job seekers looking for customizable templates,Low,"Very competitive on Etsy but differentiation is possible through niche targeting (e.g. templates for real estate agents, yoga instructors, wedding planners). Best sellers focus on underserved micro-niches rather than generic designs. Volume is key.",6.5,2026-03-22,"Proven model -- thousands of sellers earning on Etsy. Key is niche selection and Etsy SEO. AI tools like Midjourney/DALL-E can speed up design. Canva Pro is the only required investment ($13/mo). Pure passive income once listings are live. Scale by adding more niches."
5,14,"Step 1: Pick a specific niche skill topic you know well (e.g. Google Sheets for marketers, Canva for real estate agents, AI prompting for lawyers). Step 2: Use ChatGPT to outline 5-8 lesson modules. Step 3: Record screen-share walkthroughs or slide presentations (1-3 hours total). Step 4: Host on Gumroad ($0 upfront) or Teachable. Step 5: Price at $29-97 for B2C or $197-497 for B2B. Step 6: Promote via Twitter/LinkedIn content and SEO blog posts. Step 7: Create a free lead magnet (mini-lesson or cheat sheet) to build email list. Timeline: course ready in 1-2 weeks, first sale in 2-4 weeks.",Digital Product,"$29-97 per sale B2C or $197-497 B2B. Target 10-30 sales/mo = $300-15K/mo. Premium niche B2B courses can earn more.",Professionals wanting specific skill upgrades in niche topics,Medium,"Online course market is huge but most courses are too long and generic. The edge is ultra-specific mini-courses for niche audiences. B2B niches (training for specific professions) have less competition and higher willingness to pay. Avoid saturated topics like 'how to start a business'.",6.8,2026-03-22,"AI dramatically accelerates course creation -- outline to finished content in days not months. Key insight from sidehustlenation: B2B niche courses can charge 5-10x more than B2C. The librarian training case study shows even obscure niches can generate significant recurring revenue. Free platforms like Gumroad mean zero startup cost."
6,16,"Step 1: Sign up for Amazon Seller account ($39.99/mo Professional plan). Step 2: Get Tactical Arbitrage ($65/mo) or BuyBotPro ($40/mo one-time) for product scanning. Step 3: Start with $300-500 inventory budget. Step 4: Scan retail sites (Walmart, Target, Kohls) for items priced 30-50% below Amazon selling price. Step 5: Check sales rank (under 100K in category) and competition. Step 6: Buy 3-5 units of each winning product. Step 7: Ship to Amazon FBA warehouse using their discounted shipping. Step 8: Amazon handles storage, fulfillment, customer service. Step 9: Reinvest profits into more inventory. Timeline: first sale within 1-2 weeks of listing.",Arbitrage,"30-50% margins on each sale. Start at $1-3K/mo with $500 capital. Scale to $5-15K/mo by reinvesting. Some sellers reach £1M+ in annual revenue.",Amazon shoppers buying at retail prices,Medium,"Competitive but huge market. Key edge: use scanning tools others don't know about, focus on categories with less competition (health/beauty after ungating, grocery). Risk: Amazon can restrict brands or change policies. Mitigation: diversify across many products, never depend on one item.",6.2,2026-03-22,"Proven model with many documented success stories (Kev Blackburn £1M+). Requires more capital than other quick wins ($500+ to start meaningfully). NOT passive -- requires daily scanning and inventory management. Best combined with FBA prep services to save time. Good for people who want a scalable product business vs service-based income."
7,20,"Step 1: Choose ONE vertical (real estate, dental, e-commerce, law firms). Step 2: Master Zapier/Make + ChatGPT API (1-2 weeks). Step 3: Build 3 productized packages: Starter ($2K setup), Growth ($5K), Scale ($10K+). Step 4: Create demo automations for your niche (lead routing, CRM updates, email sequences, report generation). Step 5: Land first 2-3 clients at 50% rate via LinkedIn outreach and local networking. Step 6: Build case studies with ROI metrics. Step 7: Hire a VA ($5-10/hr) to handle delivery of standard automations. Step 8: Add monthly retainer ($500-2K) for maintenance and new automations. Step 9: Scale to 10-15 retainer clients. Timeline: first client in 2-4 weeks, $5K/mo in 2-3 months.",Service,"$2K-15K per project + $500-2K/mo retainers. Target 10-15 retainer clients = $10-25K/mo. Top agencies report $50K+/mo.",Small businesses in a specific vertical needing AI workflow automation,Medium,"Growing fast but not yet saturated. Most 'AI agencies' are generalists competing on price. The edge: deep vertical specialization means you understand the client's workflows better than any generalist. Also: build once, deploy many times across similar clients in same industry.",7.0,2026-03-22,"Evolution of opportunity #1 (freelance consulting) into a scalable agency. Key difference: productized packages + VAs = leverage beyond your own hours. Grey Journal data: top-tier operators reach $10-25K/mo. FTC warning: avoid selling 'passive income' AI courses -- focus on real service delivery. Week-by-week startup plan from source makes this highly actionable."
8,21,"Step 1: Pick one industry where lead speed matters (real estate, insurance, home services, auto dealers). Step 2: Build a demo: AI chatbot or email responder that instantly engages new leads using ChatGPT API + Zapier. Step 3: Show the demo to 10 businesses in your niche via cold email/LinkedIn. Pitch: 'You're losing $X per month in leads that go cold.' Step 4: Charge $500-2K setup + $200-500/mo management. Step 5: Use n8n or Make for the backend automation. Step 6: Monitor and optimize response quality. Step 7: Get testimonials and referrals from first clients. Step 8: Scale to 15-20 clients on retainer. Timeline: first client in 1-2 weeks.",Service,"$500-2K setup + $200-500/mo per client. Target 15-20 clients = $3-10K/mo in retainers. Setup fees add another $2-5K/mo during growth.",Business owners in lead-dependent industries (real estate agents insurance brokers contractors),Low,"Niche but powerful. Most businesses respond to leads in hours -- AI responds in seconds. Harvard Business Review study showed 5-minute response time increases conversion 10x. This is a measurable ROI pitch that sells itself. Competition is low in most local markets.",7.5,2026-03-22,"Highest conviction quick win for service-based income. Clear ROI story makes it easy to sell. Recurring revenue from retainers. Can be built in a weekend with Zapier + ChatGPT. The 'speed to lead' angle is backed by research and resonates with business owners who know they're losing money on slow follow-up."
9,24,"Step 1: Pick a niche you know or are curious about (AI tools, personal finance, home fitness, pet care, etc). Step 2: Buy a domain ($10) and set up WordPress with a fast theme or use Substack/Ghost for free. Step 3: Do keyword research with Ahrefs free tools or Ubersuggest -- target keywords with <30 difficulty and 100-1K monthly searches. Step 4: Use ChatGPT/Claude to draft articles, then SurferSEO or NeuronWriter to optimize for SEO. Step 5: Publish 3-5 articles per week. Step 6: Add affiliate links for relevant products (AI tools pay 20-50% commissions). Step 7: Set up Pinterest and social media auto-posting for traffic. Step 8: At 10K monthly pageviews, apply to Mediavine/AdThrive for display ads. Timeline: first affiliate commission in 4-8 weeks, significant income in 3-6 months.",Affiliate,"Affiliate commissions ($50-500/mo early, $1-5K/mo at scale) + display ads ($15-25 per 1K pageviews). At 50K monthly pageviews = $750-1250/mo ads + affiliate income.",People searching for niche information and product reviews online,Low,"Extremely competitive in broad niches. The edge: ultra-specific long-tail keywords where AI can produce quality content at scale. AI tool affiliate programs are particularly lucrative (20-50% recurring commissions). Google's 2025 spam updates penalize pure AI content but reward expert-edited AI-assisted content.",6.3,2026-03-22,"Slower to revenue than service-based models but builds a true passive income asset. Blog sites sell for 24-36x monthly income on Flippa. Key: add personal insights and real experience to AI-generated drafts to avoid Google penalties. The AI tools niche itself is meta-profitable -- write about the tools you use to make money."
10,25,"Step 1: Pick a niche with high-value audience (AI/tech, fintech, marketing, remote work, crypto). Step 2: Set up on Beehiiv (free up to 2500 subscribers) or Substack. Step 3: Use ChatGPT/Claude to curate and summarize 5-10 sources per issue into a concise, valuable newsletter. Step 4: Publish 2-3x per week consistently. Step 5: Grow via Twitter/LinkedIn content that teases newsletter insights. Step 6: Cross-promote with other newsletters via Beehiiv's recommendation network. Step 7: At 1K subscribers, start selling sponsorships ($25-50 per 1K subs per issue). Step 8: At 5K+ subscribers, add paid tier ($5-10/mo) and premium sponsorships. Step 9: At 10K+ subscribers, newsletter becomes a sellable asset (20-40x monthly revenue). Timeline: 1K subscribers in 2-3 months, first sponsorship revenue in 3-4 months.",Affiliate,"Sponsorships: $25-100 per 1K subscribers per issue. At 10K subs with 3 issues/week = $3-12K/mo. Paid subscribers add $1-5K/mo. Exit: sell newsletter for 20-40x monthly revenue.",Professionals wanting curated niche insights delivered to inbox,Medium,"Newsletter space is growing but niche newsletters are underserved. The edge: AI-powered curation lets one person produce what used to take a team. Competition is high in broad niches (tech/marketing) but low in micro-niches (e.g. AI for dentists, remote work in Europe). Newsletter businesses are premium assets -- Beehiiv and Substack have made starting trivially easy.",6.8,2026-03-22,"Newsletter is a buildable sellable asset, not just income. AI dramatically reduces curation time (the main bottleneck). Beehiiv's recommendation network provides built-in growth. Key risk: subscriber growth is slow and requires consistent publishing. Mitigation: combine with social media content strategy. At 50K subscribers a newsletter can sell for $500K-1M+."
11,27,"Step 1: Choose a content niche (SaaS blogs, e-commerce product descriptions, real estate listings, social media for restaurants). Step 2: Build a simple landing page/website showcasing your service and sample work. Step 3: Source 3-5 reliable AI-assisted writers on Fiverr/Upwork who deliver quality work at $20-50/piece. Step 4: Test them with paid trial assignments. Step 5: Price your services at $75-200/piece to clients. Step 6: Acquire first clients via LinkedIn outreach, cold email, or local business networking. Step 7: Manage workflow: receive client brief -> send to writer with AI-enhanced instructions -> review output -> deliver to client. Step 8: Use ChatGPT to enhance briefs and do quality checks. Step 9: Scale to 5-10 active clients. Timeline: first client in 1-2 weeks, $3-5K/mo in 1-2 months.",Service,"$75-200 per content piece. At 5 pieces/day with $30 avg cost = $225-850/day net. Monthly: $5-17K. Or retainer model at $1-3K/mo per client.",Businesses needing regular content marketing output,Low,"Content marketing is a $600B+ industry. Drop servicing works because businesses prefer one point of contact over managing freelancers themselves. The edge: AI-assisted writers deliver faster and you add value through quality control and client management. Risk: quality inconsistency from outsourced writers. Mitigation: build a vetted writer pool and use AI for QA.",7.5,2026-03-22,"Highest-margin drop servicing opportunity found. Case study from earnlab: Jake earns $6500/mo from similar model. Key insight: the value you provide is NOT the writing -- it's the client relationship, project management, and quality assurance. AI makes the QA step faster. Shopify's guide confirms this is a proven, legal business model. Can start with zero inventory, zero upfront cost."
12,31,"Step 1: Study Flippa listings for 1-2 weeks to understand pricing multiples (content sites sell for 24-36x monthly profit). Step 2: Set budget ($1-15K for first acquisition). Step 3: Target content/affiliate sites earning $100-500/mo that have fixable issues (poor SEO, outdated design, thin content). Step 4: Do due diligence: verify traffic via Google Analytics, check backlinks, review revenue proof. Step 5: Purchase and transfer the site. Step 6: Improve with AI: generate 20-50 new SEO-optimized articles using ChatGPT/Claude, redesign with modern themes, fix technical SEO. Step 7: Monitor for 3-6 months as improvements compound. Step 8: List for sale at 2-5x purchase price once traffic/revenue grows. Timeline: 6-12 months for full flip cycle.",Flip,"Buy at 24-36x monthly profit, sell at 36-48x after improvements. Example: buy $5K site earning $200/mo, improve to $500/mo, sell for $18K = 260% ROI. Or hold for cash flow at 30-40% annual return.",Website investors and entrepreneurs looking for digital real estate,Medium,"Active marketplace with many buyers and sellers. Competition is moderate -- most flippers don't use AI to improve sites, giving you an edge. Risk: traffic can decline, Google algorithm changes can hurt sites. Mitigation: diversify across multiple sites, focus on evergreen niches.",5.5,2026-03-22,"Requires more capital ($1-15K) and longer time horizon (6-12 months) than service-based quick wins. But builds genuine assets with compounding returns. Flippa data shows real sales: content sites for $1.4M, YouTube channels for $275-300K. AI is a massive advantage for site improvement -- generate content 10x faster than manual writing. Best for people with some capital who want to build a portfolio of digital assets."
13,36,"Step 1: Choose AI tool sub-niche (AI writing tools, AI image generators, AI coding assistants, AI automation tools). Step 2: Buy a domain ($10) and set up WordPress or Ghost. Step 3: Join 10-20 AI tool affiliate programs (most offer 20-50% recurring commissions). Step 4: Use ChatGPT/Claude to write 'best X tools' comparison articles targeting long-tail keywords. Step 5: Publish 3-5 articles/week with detailed comparisons, screenshots, and honest reviews. Step 6: Optimize for SEO with SurferSEO. Step 7: Add 'tools I use' page and email capture for newsletter. Step 8: Promote articles on Twitter/LinkedIn/Reddit. Step 9: As traffic grows, add more tool categories and deeper reviews. Timeline: first commission in 4-8 weeks, $500-1K/mo in 3-4 months.",Affiliate,"20-50% recurring commissions on SaaS subscriptions. A single ChatGPT Plus referral = $4/mo recurring. 100 active referrals across tools = $400-2000/mo recurring. Scale to $5-20K/mo with consistent content. Site itself becomes sellable asset at 24-36x monthly revenue.",AI tool shoppers comparing products before buying,Low,"AI tools niche is growing explosively but individual tool categories are less competitive (e.g. 'best AI tools for real estate agents' vs 'best AI tools'). Meta-advantage: use the tools you review to write the reviews. Recurring SaaS commissions compound over time unlike one-time product commissions.",6.8,2026-03-22,"Most meta-profitable opportunity: earn money by writing about the tools that help you earn money. Recurring commissions are the key -- unlike Amazon affiliate (4-8% one-time), SaaS pays 20-50% every month the customer stays subscribed. Proven case study: Reddit affiliate marketer grew from $267 to $21.8K/mo in 19 months with SEO content. AI accelerates content creation dramatically. This is a genuine passive income asset once articles rank."
14,45,"Step 1: Learn to build custom GPTs using OpenAI's GPT Builder (free with ChatGPT Plus). Step 2: Build 3 demo agents for different use cases (customer support bot trained on FAQ, sales assistant that qualifies leads, internal knowledge base that answers employee questions). Step 3: Record Loom demos showing each agent in action. Step 4: Target one industry vertical (real estate, e-commerce, law firms, healthcare). Step 5: Reach out to 20 businesses via LinkedIn/cold email with demo videos. Step 6: Charge $1-5K for custom agent build + $200-500/mo for maintenance and updates. Step 7: Build agents using client's data, docs, and workflows. Step 8: Upsell multi-agent systems and integrations. Timeline: first client in 2-4 weeks.",Service,"$1-5K per agent build + $200-500/mo maintenance. Target 5-10 maintenance clients = $1-5K/mo recurring. New builds add $5-25K/mo project revenue.",Businesses wanting custom AI assistants tailored to their specific data and workflows,Medium,"Emerging and fast-growing market. Most businesses know they need AI but don't know how to customize it. Competition is low because this is a new category. Edge: vertical specialization means you understand the client's needs deeply. Risk: OpenAI could make agent building easier, reducing demand. Mitigation: focus on integration and customization, not just building.",7.0,2026-03-22,"Highest-growth emerging opportunity. Custom AI agents are the next evolution beyond basic chatbots. Key insight: the value is in training the agent on the client's specific data, not in the technology itself. This is essentially AI automation consulting (opportunity #1) evolved for the agent era. Maintenance contracts create strong recurring revenue."
15,46,"Step 1: Learn Opus Clip, Descript, or Kapwing (all have free tiers). Step 2: Create a portfolio: take 3 long YouTube videos and create 10-15 short clips from each. Step 3: Package as 'Video Repurposing Service' on Fiverr/Upwork and via direct outreach. Step 4: Target podcasters and YouTubers with 10K+ followers who aren't posting shorts. Step 5: Offer free trial: repurpose one video into 5 clips for free. Step 6: Charge $200-500/mo for 4 long videos repurposed into 40-60 shorts per month. Step 7: Scale by hiring junior editors trained on your AI workflow. Timeline: first client in 1-2 weeks.",Service,"$200-1K/mo per client. Target 10-15 clients = $2-15K/mo. Premium clients (agencies, brands) pay $1-3K/mo.",Podcasters and YouTubers and brands with existing long-form video content,Low,"Growing demand as short-form video dominates social media. Most content creators only use 10% of their video content. AI tools like Opus Clip can identify highlight moments automatically. Competition is moderate on Fiverr but low for direct outreach to specific creators. Edge: AI workflow lets you process videos 5x faster than manual editors.",7.5,2026-03-22,"One of the highest-conviction quick wins for 2026. Short-form video is the dominant content format. Most podcasters and YouTubers waste 90% of their content. AI tools make repurposing fast and cheap. The pitch sells itself: 'I turn your 1-hour podcast into 15 viral clips for $500/mo.' Very easy to demonstrate value with a free trial."
