id,pain_name,industry,description,who_suffers,current_process,why_manual,pain_cost,pain_frequency,ai_solvability,solution_ease,market_size_signal,source_url,source_id,date_added,status
1,AI Workflow Automation Consulting,AI Freelancing,"Sell AI automation setups to small businesses using Zapier/Make/ChatGPT API. Connect CRMs, email, spreadsheets. Charge $75-200/hr or $2K-15K per project. Monthly retainers $500-2K/client.",Small businesses drowning in manual processes,Hiring full-time devs or doing it manually,Most small biz owners don't know these no-code AI tools exist and can't connect them,Very High,Weekly,High,High,Large,https://greyjournal.net/hustle/grow/ai-side-hustles-2026/,1,2026-03-22,validated
2,AI Prompt Engineering Consulting,AI Freelancing,"Train business teams to write effective prompts and build custom GPTs. Charge $200-500/hr for consulting or $2K-5K for half-day workshops. Zero startup cost.",Companies struggling to get good AI outputs,Trial and error with ChatGPT or ignoring AI entirely,Prompt engineering is a new skill most employees lack; companies will pay to upskill teams,High,Weekly,High,High,Large,https://greyjournal.net/hustle/grow/ai-side-hustles-2026/,1,2026-03-22,validated
3,AI Chatbot Building for Small Businesses,AI Freelancing,"Build customer service chatbots using no-code platforms (Botpress/Voiceflow/CustomGPT). Charge $1K-5K per bot plus $200-500/mo maintenance. Recurring revenue model.",Small businesses wanting website chatbots,No chatbot or using expensive enterprise solutions,No-code platforms made this accessible but business owners don't know how to use them,High,Monthly,High,Medium,Large,https://greyjournal.net/hustle/grow/ai-side-hustles-2026/,1,2026-03-22,scored
4,AI-Enhanced Niche Content Writing,AI Freelancing,"Use AI to 3x output speed in a specialized vertical (healthcare/fintech/legal/SaaS). Charge $0.15-0.50/word vs commodity AI content at $0.03-0.05/word. Combine domain expertise with AI tools.",Agencies and businesses needing expert content,Hiring expensive specialists or getting generic AI slop,Generalist AI content is commoditized; the edge is domain expertise + AI speed,High,Daily,High,High,Medium,https://greyjournal.net/hustle/grow/ai-side-hustles-2026/,1,2026-03-22,validated
5,AI-Powered Design Subscription Service,AI Freelancing,"Use Midjourney/DALL-E/Canva AI to offer branded image packages. Charge $500-1500/mo subscription for 20-30 branded images. Social media content suites and product mockups.",Brands and businesses needing visual content,Hiring designers at $50-100/hr or using stock photos,AI image tools let one person deliver studio-quality output; most brands haven't adopted yet,High,Monthly,High,Medium,Large,https://greyjournal.net/hustle/grow/ai-side-hustles-2026/,1,2026-03-22,scored
6,AI Voiceover Service on Fiverr,AI Freelancing,"Use ElevenLabs or Descript to generate professional voiceovers for YouTube/ads/training. Fast delivery and low cost vs human voiceover artists. Sell as gigs on Fiverr/Upwork.",YouTubers and eLearning creators and agencies,Hiring human voiceover artists at $100-500+ per project,AI voice tools now sound natural; most clients can't tell the difference,Medium,Weekly,High,High,Medium,https://www.alphaspherical.com/make-money-on-fiverr-and-upwork-with-these-ai-services-in-2025,2,2026-03-22,scored
7,AI Resume and LinkedIn Optimization Service,AI Freelancing,"Use ChatGPT to craft personalized resumes and cover letters. Design in Canva. Upsell LinkedIn profile optimization. High volume potential on Fiverr.",Job seekers and professionals and students,Writing resumes manually or using basic templates,AI personalization + design makes resumes stand out; most job seekers don't know how to prompt well,Medium,Daily,High,High,Large,https://www.alphaspherical.com/make-money-on-fiverr-and-upwork-with-these-ai-services-in-2025,2,2026-03-22,scored
8,AI Data Analysis and Excel Automation Service,AI Freelancing,"Use ChatGPT-4o or Excel AI to analyze data, automate spreadsheets, build dashboards for small businesses. Upsell monthly reporting retainers.",Small business owners and analysts,Manual Excel work or hiring expensive data analysts,AI can now do in minutes what took hours; most SMBs don't know this is possible,Medium,Weekly,High,High,Medium,https://www.alphaspherical.com/make-money-on-fiverr-and-upwork-with-these-ai-services-in-2025,2,2026-03-22,scored
9,AI Social Media Content Package,AI Freelancing,"Use Ocoya/Predis.ai to generate and schedule social media posts for clients. Sell monthly content packages. Bundle with strategy consulting.",Influencers and coaches and small brands,Manual content creation or hiring social media managers,AI tools can generate a month of content in hours; most small brands can't afford full-time SM managers,Medium,Monthly,High,High,Large,https://www.alphaspherical.com/make-money-on-fiverr-and-upwork-with-these-ai-services-in-2025,2,2026-03-22,scored
10,Canva Template Packs on Etsy/Gumroad,Digital Products,"Create and sell Canva template packs (social media, presentations, resumes, planners) on Etsy and Gumroad. Use AI to generate designs faster. Create once and sell repeatedly. Price $5-30 per pack.",Small business owners and content creators and job seekers,Designing from scratch or buying expensive custom design,Canva makes template creation easy; AI design tools speed up production; most buyers want ready-made templates they can customize,Medium,Daily,High,High,Large,https://www.shopify.com/blog/digital-products,6,2026-03-22,validated
11,Notion Template Store,Digital Products,"Build and sell Notion templates for specific use cases (project management, habit tracking, CRM, content calendars). Sell on Gumroad or own site. Price $5-50 per template.",Notion users wanting pre-built systems,Building Notion setups from scratch or using basic free templates,Growing Notion user base creates demand; most users lack time/skill to build complex systems; templates are infinitely scalable,Medium,Daily,Medium,High,Medium,https://www.thinkific.com/blog/digital-products-to-sell/,7,2026-03-22,scored
12,PLR Content Repurposing and Reselling,Digital Products,"Buy cheap PLR (Private Label Rights) ebooks/courses for $5-50. Rebrand with AI-generated covers and improved content. Resell at 5-20x markup on Gumroad/Etsy/own site.",People looking for quick digital products to consume,Creating content from scratch or buying at full price,PLR content is undervalued because most buyers don't rebrand it well; AI makes rebranding and improvement fast,Medium,Weekly,High,High,Medium,https://www.shopify.com/blog/digital-products,6,2026-03-22,scored
13,Niche Printable Digital Downloads on Etsy,Digital Products,"Create printable planners, checklists, wall art, and worksheets for specific niches using Canva/AI. Sell on Etsy at $2-15 each. High volume potential with SEO optimization.",Parents and teachers and planners and home decorators,Buying physical planners or creating their own,Digital printables have 90% margins; Etsy SEO drives organic traffic; AI design tools make production fast,Medium,Daily,High,High,Large,https://www.shopify.com/blog/digital-products,6,2026-03-22,scored
14,AI-Enhanced Online Mini-Courses,Digital Products,"Create short focused courses (1-3 hours) using AI to generate content outlines and scripts. Record with screen share or slides. Sell on Gumroad/Teachable at $19-97. Niche B2B topics command premium prices.",Professionals wanting specific skill upgrades,Expensive long-form courses or scattered free YouTube content,AI dramatically speeds up course creation; niche B2B topics have less competition; mini-courses have lower creation barrier,High,Monthly,High,Medium,Large,https://www.thinkific.com/blog/digital-products-to-sell/,7,2026-03-22,validated
15,Digital Product Bundle Flipping,Digital Products,"Buy undervalued digital product bundles (AppSumo/Humble Bundle/PLR sites). Identify highest-value items. Rebrand and resell individually at markup. Pure arbitrage play.",Digital product buyers wanting curated selections,Buying individual products at full price,Bundle deals create arbitrage opportunity; most buyers don't realize individual items have higher resale value; AI helps quickly assess and improve products,Medium,Weekly,Medium,High,Niche,https://ecommerceceo.com/sell-digital-products/,8,2026-03-22,scored
16,Amazon Online Arbitrage via FBA,Marketplace Arbitrage,"Use tools like Tactical Arbitrage or BuyBotPro to scan retail sites for products priced below Amazon selling price. Buy low and ship to Amazon FBA warehouses. Amazon handles fulfillment. Proven model with £1M+ sellers.",Amazon shoppers buying at retail prices,Buying products at normal retail prices from Amazon,Price discrepancies exist across platforms and retail clearance; tools automate finding these gaps; Amazon FBA handles logistics,High,Daily,Medium,Medium,Massive,https://www.repricerexpress.com/online-arbitrage-amazon/,10,2026-03-22,validated
17,Cross-Platform Price Arbitrage (eBay/Walmart to Amazon),Marketplace Arbitrage,"Find products cheaper on Walmart.com or eBay and list them on Amazon at higher prices. Use repricing tools to stay competitive. Can be done without holding inventory via dropshipping or with FBA prep services.",Amazon buyers paying retail premiums,Buying from Amazon at full price without comparing other platforms,Platform price differences persist because most buyers don't cross-shop; repricing tools keep margins optimized,Medium,Daily,Medium,Medium,Large,https://www.webretailer.com/b/online-arbitrage/,11,2026-03-22,scored
18,Clearance/Liquidation Flipping on Amazon,Marketplace Arbitrage,"Buy clearance and liquidation inventory from retail stores and liquidation sites (Bulq/DirectLiquidation). List profitable items on Amazon FBA at full retail price. High margins on discontinued/seasonal items.",Amazon shoppers wanting specific products,Buying at regular retail prices,Clearance items are often 50-90% below retail; most buyers don't know about liquidation channels; Amazon FBA makes selling easy,High,Weekly,Low,Medium,Large,https://www.repricerexpress.com/online-arbitrage-amazon/,10,2026-03-22,scored
19,AI-Powered Arbitrage Scanning Service,Marketplace Arbitrage,"Build or use AI tools to scan multiple platforms for price discrepancies automatically. Offer this as a service to other arbitrage sellers. Charge monthly subscription for leads/deals lists.",Online arbitrage sellers needing product leads,Manual scanning or using expensive existing tools,AI can process thousands of listings faster than existing tools; most arbitrage sellers spend hours scanning manually,High,Monthly,High,Medium,Medium,https://www.webretailer.com/b/online-arbitrage/,11,2026-03-22,scored
20,AI Automation Agency (Productized Service),AI Automation Agency,"Scale beyond freelancing: build a small AI automation agency with fixed-price packages. Focus on one vertical (real estate, dental, e-commerce). Use VAs for delivery. Charge $2K-15K per project + $500-2K/mo retainers. Target $10-25K/mo within 6-12 months.",Small businesses needing AI workflow automation,Hiring expensive developers or doing things manually,Most businesses know they need AI but can't implement it; agencies bridge this gap with productized packages,Very High,Weekly,High,Medium,Large,https://greyjournal.net/hustle/grow/ai-side-hustles-2026/,15,2026-03-22,validated
21,AI Lead Follow-Up Systems for Specific Industries,AI Automation Agency,"Build AI-powered lead follow-up automation for a specific industry (real estate agents, insurance, contractors). Use ChatGPT API + Zapier/Make to auto-respond to leads. Sell as $500-2K setup + $200-500/mo retainer.",Business owners losing leads due to slow follow-up,Manual email/phone follow-up or no follow-up at all,Speed-to-lead is proven to increase conversion 5-10x; most small businesses respond to leads in hours not minutes; AI can respond instantly,High,Daily,High,High,Large,https://greyjournal.net/hustle/grow/ai-side-hustles-2026/,15,2026-03-22,validated
22,AI-Powered Client Proposal and Report Generator,AI Automation Agency,"Build AI templates that generate client proposals and reports from structured inputs. Sell as a SaaS tool or service to agencies and consultants. Price $50-200/mo subscription or $500-2K per custom setup.",Agencies and consultants spending hours on proposals,Writing proposals manually from scratch each time,AI can generate 80% of a proposal from templates and client data; most agencies waste 5-10 hours per proposal,Medium,Weekly,High,High,Medium,https://greyjournal.net/hustle/grow/ai-side-hustles-2026/,15,2026-03-22,scored
23,Faceless AI YouTube Channel,Content Monetization,"Create faceless YouTube channels using ChatGPT for scripts + Pictory/InVideo for video generation + ElevenLabs for voiceover. Focus on niches: motivation, tech news, finance, AI tools, productivity. Monetize via ads, affiliate links, and digital products.",YouTube viewers in specific niches,Watching content from traditional face-on-camera creators,AI tools now enable full video production without showing face or using own voice; one person can produce 50+ videos/month,High,Daily,High,Medium,Large,https://tachilink.com/making-money-with-ai-reddit/,20,2026-03-22,scored
24,AI-Powered Niche Blog with Affiliate Marketing,Content Monetization,"Build niche blogs using ChatGPT/Claude for content + SurferSEO for optimization. Target low-competition long-tail keywords. Monetize via affiliate links to AI tools and digital products. Automate with Pinterest/social promotion.",People searching for niche information and product reviews,Reading scattered free content or outdated blog posts,AI enables one person to produce 10-20 quality articles/week in a niche; affiliate commissions from AI tools are high (20-50%),Medium,Daily,High,High,Medium,https://newzyatra.com/how-to-make-money-with-ai-in-2025/,21,2026-03-22,validated
25,AI Newsletter Business,Content Monetization,"Start a niche newsletter using AI to curate and write content. Grow via social media and cross-promotions. Monetize via sponsorships ($25-100+ per 1000 subscribers) and affiliate links. Beehiiv/Substack/ConvertKit for platform. Target: 5K-50K subscribers.",Professionals wanting curated niche insights,Following dozens of sources manually or subscribing to generic newsletters,AI can curate and summarize from many sources instantly; newsletter businesses sell for 20-40x monthly revenue on acquisition marketplaces,High,Weekly,High,Medium,Medium,https://tachilink.com/making-money-with-ai-reddit/,20,2026-03-22,validated
26,AI-Generated Digital Product Store (Coloring Books/Planners),Content Monetization,"Use Midjourney/DALL-E to create coloring books, planners, journals, and wall art. Publish on Amazon KDP and Etsy. AI generates hundreds of unique designs quickly. Price at $2-15 per product.",Parents, hobbyists, productivity enthusiasts,Buying mass-produced generic planners and coloring books,AI generates unique designs in minutes vs hours of manual design; Amazon KDP has zero upfront cost; volume play across many products,Medium,Daily,High,High,Large,https://tachilink.com/making-money-with-ai-reddit/,20,2026-03-22,scored
27,Drop Servicing AI Content Agency,Drop Servicing,"Sell AI-powered content services (blog posts, social media, email copy) to businesses. Outsource writing to AI-assisted freelancers on Fiverr/Upwork at $20-50/piece. Charge clients $75-200/piece. Keep 50-75% margin.",Businesses needing regular content,Hiring expensive content agencies or struggling with in-house writing,AI-assisted writers produce faster and cheaper; you add value through client management and quality control; 50-75% margins,High,Weekly,High,High,Large,https://www.shopify.com/blog/drop-servicing,24,2026-03-22,validated
28,Drop Servicing Lead Generation,Drop Servicing,"Sell lead generation services to local businesses (dentists, lawyers, contractors). Outsource to freelancers who run Facebook/Google ads or build SEO landing pages. Charge $1-3K/mo retainer. Outsource at $300-800/mo.",Local businesses needing more customers,Word of mouth or expensive marketing agencies,Small businesses can't afford $5K+/mo agencies but need leads; you bridge the gap with outsourced talent at lower cost,High,Monthly,Medium,Medium,Large,https://www.shopify.com/blog/drop-servicing,24,2026-03-22,scored
29,Drop Servicing Web Development,Drop Servicing,"Sell website development services to local businesses and SMBs. Outsource to freelance developers on Upwork at $500-2K. Charge clients $2-5K. Manage relationship and project. Use AI tools for mockups and proposals.",Small businesses needing websites,DIY website builders or hiring expensive agencies,Most small businesses still need help with websites; you add value through project management and client trust,Medium,Monthly,Low,Medium,Large,https://www.shopify.com/blog/drop-servicing,24,2026-03-22,scored
30,AI Content Reviewing/Editing Service,Drop Servicing,"Offer AI content reviewing and editing services. Use AI to do first-pass editing, then human review for quality. Charge $27+/hr. Work via platforms like Outlier.ai or direct clients. Scale by hiring junior editors.",Companies producing AI-generated content at scale,Manual editing by expensive editors or publishing unedited AI content,Growing demand as more companies use AI content but need human quality control; AI speeds up editing; $27/hr starting rate,Medium,Daily,High,High,Medium,https://earnlab.com/blog/make-money-with-ai-tools-2025,25,2026-03-22,scored
31,Website Flipping (Buy-Improve-Sell),Website Flipping,"Buy undervalued content sites or affiliate sites on Flippa for $1-15K. Improve SEO, design, and content using AI tools. Sell 6-12 months later at 2-5x purchase price. Target 30-40% annual ROI minimum.",Website investors and digital entrepreneurs,Building sites from scratch which takes months/years,AI tools dramatically speed up site improvement (content, design, SEO); Flippa provides liquid marketplace for buying and selling,High,Quarterly,High,Medium,Large,https://flippa.com/blog/first-time-buyers-guide-buying-your-first-online-business/,28,2026-03-22,validated
32,Micro-Acquisition of Small SaaS/Apps,Website Flipping,"Buy small SaaS tools or apps on Flippa for $5-50K. Improve with AI-powered features or better marketing. Sell at 3-5x multiple or hold for cash flow. SaaS businesses sell for 3-5x annual revenue.",SaaS users and businesses needing specific tools,Using existing tools or building custom solutions,Small SaaS businesses are undervalued on marketplaces; AI can add features quickly; recurring revenue makes these premium assets,Very High,Monthly,High,Low,Medium,https://flippa.com/blog,27,2026-03-22,scored
33,Domain Name Flipping,Website Flipping,"Buy expired or undervalued domain names for $10-100. Identify domains with existing backlinks or brandable names. Resell on Flippa/Sedo/Afternic at 10-100x markup. Use tools like ExpiredDomains.net for sourcing.",Businesses and startups needing domain names,Registering new domains or paying premium prices,Good domains with backlinks are underpriced on auctions; most buyers don't check backlink profiles; AI helps identify valuable patterns,Medium,Monthly,Low,High,Large,https://flippa.com/blog/first-time-buyers-guide-buying-your-first-online-business/,28,2026-03-22,scored
34,AI-Designed Print-on-Demand T-Shirts and Merch,Print-on-Demand,"Use Midjourney/DALL-E to generate unique designs for t-shirts, hoodies, mugs, posters. List on Printful/Printify connected to Shopify or Etsy. Zero inventory. $11B market growing 23.6%/yr.",Niche communities and hobbyists wanting unique merch,Buying generic mass-produced merchandise,AI generates unlimited unique designs in minutes; POD handles printing/shipping; zero inventory risk; niche targeting wins,Medium,Daily,High,High,Large,https://www.shopify.com/blog/print-on-demand,30,2026-03-22,scored
35,Niche POD Brand with AI Art,Print-on-Demand,"Build a focused POD brand around a specific niche (dog breeds, horoscopes, gaming, fitness quotes). Use AI to generate 50-100+ designs. List across multiple platforms (Etsy, Amazon Merch, Redbubble, own Shopify store). Volume play.",Enthusiasts in specific niches wanting themed products,Buying generic products that don't match their specific interests,Most POD sellers are too broad; niche focus + AI volume = better SEO and discovery; zero upfront cost with platforms like Redbubble,Medium,Daily,High,High,Large,https://www.shopify.com/blog/print-on-demand,30,2026-03-22,scored
36,AI Tool Affiliate Review Site,Affiliate Marketing,"Build a niche review site focused on AI tools (writing, design, automation, coding). Create comparison articles and tutorials. Earn 20-50% recurring commissions from SaaS affiliate programs. AI tools are meta-profitable -- write about tools using those same tools.",AI tool shoppers comparing products before buying,Reading scattered reviews or trying tools without guidance,AI tool space is exploding; recurring SaaS commissions are highest-value; AI can write the review content itself; proven case study showed $267/mo to $21.8K/mo in 19 months,High,Daily,High,High,Large,https://www.shopify.com/blog/affiliate-marketing,31,2026-03-22,validated
37,Expired Domain Affiliate Site Hack,Affiliate Marketing,"Buy expired domains with existing backlinks and authority. Rebuild as affiliate review sites in the domain's original niche. Instantly inherit SEO authority. Monetize with affiliate links. Domains cost $10-100 on auctions.",People searching for product reviews and comparisons,Visiting established review sites or reading generic articles,Expired domains with backlinks have instant SEO advantage; most people don't know how to find or exploit these; AI content fills them fast,High,Weekly,High,Medium,Medium,https://www.shopify.com/blog/affiliate-marketing,31,2026-03-22,scored
38,Micro-SaaS: AI-Powered Niche Tool,Micro-SaaS,"Build a simple AI-powered tool solving one specific problem (e.g. AI resume scorer, AI social media caption generator, AI email subject line tester). Use ChatGPT API + simple frontend. Charge $10-50/mo. MicroSaaSIdea.com has 1200+ validated ideas.",Professionals or businesses needing one specific AI capability,Using ChatGPT directly or expensive enterprise tools,Most people want a simple UI around an AI capability not raw ChatGPT; niche tools can charge premium; low competition in micro-niches,High,Monthly,High,Medium,Medium,https://microsaasidea.com/,32,2026-03-22,scored
39,AI Social Media Management Retainer,Social Media Management,"Manage 3-5 social media accounts for small businesses using AI tools (Buffer/Hootsuite + ChatGPT for content + Canva AI for visuals). Charge $500-2K/mo per client. AI does 80% of the work.",Small businesses needing social media presence,Doing it themselves poorly or hiring expensive agencies,AI tools can generate a month of content in hours; most small businesses post inconsistently; retainer model provides stable recurring income,Medium,Monthly,High,High,Large,https://greyjournal.net/hustle/grow/ai-side-hustles-2026/,15,2026-03-22,scored
40,Local Business Lead Generation with AI,Local Lead Gen,"Build simple landing pages/Google My Business profiles for local businesses (plumbers, dentists, lawyers). Use AI for content and local SEO. Rent the leads to businesses at $500-2K/mo. Scale by building pages in multiple cities/niches.",Local businesses needing more customers,Expensive Google Ads or relying on word of mouth,Most local businesses have terrible online presence; AI makes it fast to create optimized pages; once ranked these pages generate leads passively,High,Monthly,Medium,Medium,Large,https://greyjournal.net/hustle/grow/ai-side-hustles-2026/,15,2026-03-22,scored
41,Selling AI Prompts on PromptBase,Prompt Marketplace,"Create and sell specialized AI prompts on PromptBase for Midjourney, ChatGPT, DALL-E, Gemini. Price $2-10 per prompt. Focus on niche use cases (specific art styles, business templates, coding patterns). Volume play.",AI users wanting proven prompts for specific outputs,Trial and error prompting or searching online for free prompts,Good prompts save hours of experimentation; most casual AI users can't write effective prompts; marketplace handles distribution,Low,Daily,High,High,Medium,https://promptbase.com/,33,2026-03-22,scored
42,AI-Powered Online Tutoring/Coaching,Online Tutoring,"Use AI to prep lesson materials, create practice problems, and generate personalized study plans. Tutor via Zoom in a niche subject. Charge $30-100/hr. AI lets you handle 2-3x more students by automating prep.",Students and professionals wanting specific skill training,Expensive traditional tutoring or unstructured self-study,AI handles 50%+ of prep work; tutors can take more students; personalized materials are more effective,Medium,Weekly,High,High,Medium,https://earnlab.com/blog/make-money-with-ai-tools-2025,25,2026-03-22,scored
43,API Bridge Service (Connect Disconnected Tools),API Arbitrage,"Identify two popular tools that don't integrate natively. Build a simple API bridge using Zapier/Make/custom code. Charge $50-200/mo for the integration. Example: connect niche CRM to specific email tool.",Businesses using tools that don't talk to each other,Manual data transfer between tools or hiring developers for custom integrations,Many niche tool combinations lack native integrations; simple API bridges are easy to build but valuable to users,Medium,Monthly,High,Medium,Niche,https://microsaasidea.com/,32,2026-03-22,scored
44,Niche Directory Website,Digital Real Estate,"Build a niche directory for a specific industry (AI tools, coworking spaces, wedding vendors, pet services in a city). Monetize via featured listings ($50-200/mo) and ads. AI generates descriptions and SEO content.",Businesses wanting visibility and consumers wanting curated lists,Searching Google or using outdated generic directories,Niche directories rank well for specific searches; AI makes content creation fast; featured listing model provides recurring revenue,Medium,Monthly,Medium,Medium,Medium,https://flippa.com/blog/first-time-buyers-guide-buying-your-first-online-business/,28,2026-03-22,scored
